Username,Categories,Subscribers,Country,Visits,Likes,Continent,Cluster
KidsDianaShow,"Animation, Toys",113500000,Unknown,3900000.0,12400,Unknown,3
PewDiePie,"Movies, Video Games",111500000,United States,2400000.0,197300,North America,3
LikeNastyaofficial,Toys,107500000,Unknown,2600000.0,28000,Unknown,3
VladandNiki,"Animation, Toys",101400000,Unknown,4100000.0,22100,Unknown,3
zeemusiccompany,Music and Dance,99700000,India,74300.0,2600,Asia,3
WWE,Video Games,97200000,United States,184500.0,6300,North America,3
BLACKPINK,Music and Dance,91300000,United States,863200.0,146900,North America,3
GoldminesTelefilms,,89700000,India,34600.0,421,Asia,3
SonySAB,"Movies, Animation",85400000,India,35500.0,615,Asia,3
5MinuteCraftsYouTube,Movies,80300000,India,164600.0,703,Asia,3
BTS,Music and Dance,76500000,India,969700.0,180300,Asia,3
HYBELABELS,Music and Dance,72700000,United States,440700.0,23900,North America,3
zeetv,,72500000,India,7300.0,144,Asia,3
Pinkfong,"Animation, Toys",69600000,Unknown,506400.0,397,Unknown,3
ChuChuTV,Toys,67500000,Unknown,652100.0,17800,Unknown,3
KondZilla,Music and Dance,66600000,Brazil,30400.0,1100,South America,3
colorstv,,66600000,India,14700.0,413,Asia,3
filmigaane,Music and Dance,66400000,India,33000.0,392,Asia,3
TSeriesBhaktiSagar,Music and Dance,62600000,India,24900.0,983,Asia,3
tipsofficial,Music and Dance,60900000,India,80200.0,935,Asia,3
MOVIECLIPS,"Movies, Animation",59900000,United States,16600.0,231,North America,3
ElReinoInfantil,Music and Dance,59700000,Unknown,393000.0,2600,Unknown,3
dudeperfect,Video Games,59700000,United States,5300000.0,156500,North America,3
aajtak,News and Politics,58900000,India,7600.0,229,Asia,3
WaveMusicIndia,Music and Dance,58700000,Unknown,36600.0,792,Unknown,3
SonyMusicIndia,Music and Dance,57900000,India,26300.0,964,Asia,3
marshmello,Music and Dance,56700000,United States,145900.0,8900,North America,3
yrf,Music and Dance,55700000,India,60300.0,2100,Asia,3
infobellshindirhymes,Education,55700000,Unknown,1200000.0,34700,Unknown,3
LooLooKids,Music and Dance,54800000,United States,595600.0,2700,North America,3
TaylorSwift,Music and Dance,54100000,United States,4300000.0,300400,North America,3
EdSheeran,Music and Dance,53700000,United States,144200.0,10200,North America,3
BillionSurpriseToys,Toys,53100000,Unknown,1600000.0,0,Unknown,3
ArianaGrande,Music and Dance,52900000,United States,1100000.0,85800,North America,3
shemaroo,,48800000,India,22600.0,163,Asia,2
JuegaGerman,"Movies, Animation",48600000,Mexico,2000000.0,117100,North America,3
BillieEilish,Music and Dance,48600000,United States,208100.0,27200,North America,3
getmovies,,48100000,Unknown,55700.0,329,Unknown,4
sonymusicindiaVEVO,Music and Dance,47500000,India,36600.0,664,Asia,2
A4a4a4a4,"Animation, Comedy",47300000,Russia,9700000.0,330400,Europe,5
badabunOficial,,47000000,Mexico,6800.0,260,North America,3
HarPalGeoOfficial,"Movies, Animation",46400000,Pakistan,11000.0,299,Asia,3
vootkids,,46000000,Unknown,540900.0,3400,Unknown,4
ARYDigitalasia,,45900000,Pakistan,20000.0,242,Asia,3
felipeneto,,45600000,Brazil,850600.0,82100,South America,2
abscbnentertainment,,45000000,Philippines,6100.0,180,Asia,2
vcsabiavideos,,45000000,Brazil,665700.0,39800,South America,2
BRIGHTSIDEOFFICIAL,,44600000,United States,22700.0,430,North America,3
KatyPerry,Music and Dance,44400000,Unknown,101400.0,7500,Unknown,4
Shakira,Video Games,44400000,United States,102100.0,8200,North America,4
whindersson,"Music and Dance, Animation",44400000,Brazil,174600.0,35700,South America,2
MashaBearRUSSIAN,,44200000,Unknown,664500.0,5700,Unknown,4
Alanwalkermusic,"Music and Dance, Movies",44000000,United States,124700.0,8200,North America,3
MashaBearEN,"Movies, Animation",43700000,Unknown,856200.0,7500,Unknown,4
Mikecrack,"Movies, Animation",43400000,Mexico,2200000.0,183400,North America,3
toysandcolors,"Movies, Toys",42900000,Unknown,2000000.0,4600,Unknown,4
speedrecords,Music and Dance,42900000,India,21100.0,1100,Asia,2
LikeNastya_Show,"Movies, Toys",42500000,Unknown,972200.0,2400,Unknown,4
KimberlyLoaiza,Music and Dance,42100000,Mexico,5300000.0,271300,North America,5
IshtarMusic,Music and Dance,42100000,India,32600.0,994,Asia,2
luisitocomunica,,41100000,Mexico,2500000.0,128900,North America,2
LittleBabyBum,"Animation, Toys",41000000,Unknown,99000.0,184,Unknown,1
shfa2,"Animation, Toys",40600000,Unknown,585500.0,4800,Unknown,1
CarryMinati,"Movies, Comedy",40300000,India,0.0,0,Asia,2
luccastoon,"Movies, Animation",40100000,Brazil,588600.0,13100,South America,2
SuperSimpleSongs,Music and Dance,39900000,Unknown,648400.0,10100,Unknown,4
JessNoLimit,"Movies, Animation",39600000,Indonesia,1300000.0,73500,Asia,2
xxxtentacion,Music and Dance,39500000,United States,225700.0,28500,North America,4
SonyPAL,,39500000,India,21800.0,255,Asia,2
WorkpointOfficial,,39400000,Thailand,6200.0,157,Asia,2
gr6explode,Music and Dance,39300000,Brazil,120300.0,5700,South America,2
TEDx,,39100000,United States,160.0,3,North America,4
GaaneSuneAnsune,Music and Dance,39100000,India,28800.0,211,Asia,2
shfa-1,Daily Vlogs,39100000,France,5300000.0,57300,Europe,2
vladvaniki1,"Movies, Comedy",38700000,Unknown,890600.0,3400,Unknown,4
TheEllenShow,,38300000,United States,26000.0,433,North America,4
DaddyYankee,Music and Dance,38300000,Colombia,82800.0,6500,South America,2
LikeNastya_ESP,,38100000,Unknown,403800.0,1800,Unknown,4
one31official,,38100000,Thailand,4800.0,122,Asia,2
ABPNEWS,,38100000,India,2400.0,59,Asia,2
MariaClaraeJP,"Movies, Animation",37700000,Unknown,1700000.0,10800,Unknown,4
YouTube,,37500000,United States,101200.0,3400,North America,4
PowerKidstv,"Movies, Animation",37400000,India,41700.0,0,Asia,2
Jkk_Entertainment,,37300000,India,2300000.0,20100,Asia,2
UltraBollywood,,37300000,India,24300.0,185,Asia,2
SaregamaMusic,Movies,37000000,India,27300.0,703,Asia,2
RicisOfficial1795,"Music and Dance, Movies",36900000,Indonesia,343800.0,27500,Asia,2
beterbocuk,,36800000,India,1000000.0,54100,Asia,2
IndiaTV,News and Politics,36700000,India,14300.0,255,Asia,2
LaGranjaDeZenon,"Music and Dance, Animation",36600000,Unknown,599800.0,5200,Unknown,4
tseriesoldisgold,Music and Dance,36500000,India,41100.0,1200,Asia,2
Ozuna,Music and Dance,36300000,United States,22700.0,2400,North America,4
TotalGaming093,"Movies, Video Games",36300000,India,1500000.0,129400,Asia,2
GenevievesPlayhouse,Toys,35700000,Unknown,965500.0,824,Unknown,4
TechnoGamerzOfficial,,35600000,India,6200000.0,341800,Asia,5
RyansWorld,"Video Games, Toys",35500000,Unknown,326500.0,2000,Unknown,4
markiplier,"Animation, Video Games",35500000,United States,2100000.0,126500,North America,1
tseriesapnapunjab,Music and Dance,35000000,India,23300.0,601,Asia,2
JingleToons,,35000000,India,111400.0,641,Asia,2
thedonato,,34700000,Mexico,710700.0,42400,North America,2
YOLOAVENTURAS,"Movies, Animation",34600000,Mexico,1100000.0,73600,North America,2
GeetMP3,Music and Dance,34500000,India,0.0,0,Asia,2
Rajshri,,34200000,India,13700.0,119,Asia,2
starplus,,34200000,India,10500.0,267,Asia,2
jbalvin,"Animation, Video Games",34200000,Colombia,16900.0,1600,South America,1
SSSniperWolf,"Animation, Comedy",34200000,United States,1200000.0,34600,North America,1
Ch3Thailand,,34000000,Thailand,34500.0,442,Asia,2
vegetta777,"Movies, Animation",34000000,Mexico,249900.0,19400,North America,2
NoCopyrightSounds,Music and Dance,33600000,United States,191100.0,6900,North America,4
KHANDESHIMOVIES,,33600000,India,758300.0,6200,Asia,2
babybus,"Animation, Toys",33300000,Unknown,267300.0,623,Unknown,1
DisneyMusicVEVO,"Music and Dance, Movies",33200000,United States,276900.0,3200,North America,4
KarolG,Music and Dance,33000000,Colombia,74000.0,2700,South America,2
WowKidz1,"Animation, Comedy",33000000,Unknown,17200.0,88,Unknown,1
PANDABOI,,33000000,India,2500000.0,66600,Asia,2
erosentertainment,Movies,33000000,India,7100.0,93,Asia,2
gmanetwork,,32900000,Philippines,2600.0,83,Asia,2
LucasandMarcus,"Animation, Comedy",32800000,United States,706100.0,23300,North America,1
AboFlah,"Animation, Video Games",32700000,Iraq,3300000.0,382000,Asia,5
MRINDIANHACKER,,32600000,India,6500000.0,617400,Asia,5
FrostDiamond,"Movies, Animation",32600000,Indonesia,316200.0,13200,Asia,2
MrBean,"Movies, Comedy",32400000,India,204400.0,1800,Asia,2
WorldwideRecordsBhojpuri,Music and Dance,32200000,India,44200.0,1600,Asia,2
rezendeevil,Movies,32200000,Brazil,413400.0,15600,South America,2
SMTOWN,Music and Dance,32200000,United States,132300.0,12700,North America,4
PeppaPigOfficial,Toys,32200000,Unknown,110200.0,508,Unknown,4
zeenews,News and Politics,32100000,India,14700.0,231,Asia,2
fedevigevani,"Animation, Comedy",32000000,Mexico,7700000.0,412200,North America,5
dream,"Animation, Video Games",31900000,United States,3300000.0,309200,North America,1
GENIALBrightSideSpanish,Animation,31800000,Mexico,15500.0,524,North America,1
luisfonsi,,31600000,United States,20800.0,1400,North America,4
zhong,,31400000,United States,2900000.0,118300,North America,4
fallontonight,,31200000,United States,263100.0,3900,North America,4
dianaandromaesp331,"Animation, Toys",31100000,Unknown,403500.0,714,Unknown,1
ShortsBreak_Official,,31000000,India,8600000.0,503400,Asia,5
ImagineDragons,Music and Dance,31000000,United States,77100.0,10700,North America,4
vladnikihindi,,30900000,Unknown,897100.0,3400,Unknown,4
AttaHalilintar,"Music and Dance, Movies",30600000,Indonesia,155300.0,7600,Asia,2
enaldinho,Movies,30600000,Brazil,1800000.0,63400,South America,2
toyoraljanahtv,Music and Dance,30600000,Unknown,131100.0,0,Unknown,4
jacksepticeye,"Animation, Comedy",30400000,United States,1600000.0,83400,North America,1
TrapNation,Music and Dance,30400000,United States,47800.0,1600,North America,4
LittleAngel,"Animation, Toys",30400000,Unknown,394800.0,209,Unknown,1
TalkingTom,"Movies, Animation",30400000,United States,201300.0,798,North America,4
spinninrecords,Music and Dance,30200000,United States,31900.0,1200,North America,4
HUMTV,,30200000,Pakistan,1100.0,7,Asia,2
Dushyant_kukreja,,30000000,India,5900000.0,231000,Asia,5
KLBROBijuRithvik1,,29900000,India,1600000.0,49800,Asia,2
ultrarecords,Music and Dance,29800000,United States,15800.0,607,North America,4
zamzamelectronicstradingllc,,29700000,India,268700.0,18400,Asia,2
AlanChikinChow,"Music and Dance, Comedy",29700000,India,3600000.0,106500,Asia,2
infobellstamilrhymes,Education,29500000,Unknown,1200000.0,17700,Unknown,1
Maluma_Official,Music and Dance,29400000,Colombia,226400.0,8500,South America,2
infobellstelugurhymes,Education,29400000,Unknown,271400.0,5600,Unknown,1
adityamovies,,29400000,India,26600.0,1000,Asia,2
MashaOso,,29300000,Unknown,543200.0,5700,Unknown,4
shemaroomovies,,29200000,India,24100.0,242,Asia,2
gulshankalra07,,29200000,India,8100000.0,431100,Asia,5
junya1gou,,29000000,Japan,195000.0,924,Asia,2
adityamusic,Music and Dance,28800000,India,28200.0,568,Asia,2
MichaelJackson,,28800000,United States,227300.0,9100,North America,4
GoldminesDishoom,"Movies, Video Games",28700000,Unknown,14100.0,167,Unknown,4
DrakeOfficial,,28400000,United States,0.0,0,North America,4
KidsRomaShow,"Animation, Toys",28200000,Unknown,1200000.0,3100,Unknown,1
toycantando,"Music and Dance, Animation",28100000,Unknown,426400.0,11700,Unknown,4
SandeepSeminars,Daily Vlogs,28000000,India,1200000.0,58500,Asia,2
LankyBox,"Animation, Video Games",28000000,United States,346500.0,6300,North America,1
bouncepatrol,Music and Dance,27900000,Unknown,339300.0,6600,Unknown,4
JYPEntertainment,Music and Dance,27800000,United States,177700.0,8700,North America,4
nickjr,"Animation, Toys",27800000,Unknown,109200.0,191,Unknown,1
CrazyXYZ,,27800000,India,4200000.0,284100,Asia,5
DanTDM,"Animation, Video Games",27800000,United States,3500000.0,285000,North America,1
wizkhalifa,Music and Dance,27800000,United States,87400.0,4100,North America,4
brentrivera,"Video Games, Comedy",27600000,United States,6400000.0,154100,North America,5
NichLmao,Daily Vlogs,27500000,United States,1500000.0,85800,North America,1
GoldminesBollywood,,27300000,India,8900.0,62,Asia,2
renatongarcia,"Movies, Animation",27200000,Brazil,748200.0,68800,South America,2
toypudding,,27100000,United States,0.0,0,North America,4
dbillions,"Music and Dance, Animation",27100000,Unknown,1000000.0,651,Unknown,4
Netflix,"Movies, Animation",27000000,United States,202600.0,2200,North America,4
RaffyTulfoInAction,News and Politics,26800000,Philippines,398300.0,5300,Asia,2
enchufetv,,26800000,Ecuador,34300.0,4300,South America,2
mujjuu___14,,26800000,India,4500000.0,144000,Asia,2
indosiar,"Music and Dance, Movies",26700000,Indonesia,18800.0,471,Asia,2
SpiderSlack,,26600000,Brazil,532500.0,37700,South America,2
worldstarhiphop,Music and Dance,26600000,United States,40300.0,993,North America,4
smosh,"Movies, Comedy",26300000,United States,289100.0,21300,North America,4
1MILLION_Dance,,26300000,India,35300.0,1800,Asia,2
dianaandromahin8102,"Animation, Toys",26200000,Unknown,109000.0,322,Unknown,1
nickiminaj,Music and Dance,26100000,United States,1600000.0,98300,North America,4
mariliamendoncareal,Music and Dance,26100000,Brazil,0.0,0,South America,2
TheLallantop,News and Politics,26000000,India,30800.0,822,Asia,2
AGT,"Music and Dance, Movies",25900000,United States,186800.0,3100,North America,4
davidguetta,Music and Dance,25900000,Brazil,0.0,0,South America,2
ThatLittlePuff,,25900000,United States,5100000.0,299000,North America,5
postmalone,Music and Dance,25900000,United States,223100.0,13100,North America,4
VanossGaming,"Animation, Video Games",25900000,United States,1300000.0,56500,North America,1
DanielLaBelle,,25900000,United States,1700000.0,130100,North America,4
abp_live,News and Politics,25800000,India,2300.0,49,Asia,2
LosPolinesios,"Music and Dance, Movies",25700000,Mexico,1400000.0,38400,North America,2
AlejoIgoa,Animation,25700000,Argentina,5700000.0,208400,South America,5
ZHCYT,"Design/Art, DIY and Life Hacks",25700000,United States,2600000.0,127300,North America,1
RansEntertainment,Movies,25700000,Indonesia,365500.0,11400,Asia,2
wbkids,"Movies, Animation",25700000,Unknown,76100.0,699,Unknown,4
coldplay,Music and Dance,25500000,United States,66900.0,3700,North America,4
ChrisBrownTV,Music and Dance,25500000,United States,102000.0,9700,North America,4
MarkRober,Science and Technology,25500000,United States,479200.0,31700,North America,4
danrhodes,"Movies, Comedy",25500000,United States,414500.0,19300,North America,4
TRANS7Official,"Movies, Comedy",25400000,Indonesia,1600.0,29,Asia,2
WatchMojo,"Movies, Animation",25100000,United States,46700.0,1400,North America,4
LeoNataFamily,,25000000,United States,2100000.0,42100,North America,4
kidstv,Toys,25000000,Unknown,132600.0,1600,Unknown,4
ChloeTing,"Fitness, Health, and Self-Help",24900000,United States,192700.0,7900,North America,1
PrestonYT,"Video Games, Comedy",24900000,United States,1300000.0,36100,North America,4
topperguild,"Animation, Comedy",24900000,United States,1800000.0,77600,North America,1
akshaynagwadiya,,24900000,India,3100000.0,143500,Asia,2
PenMovies,"Movies, Animation",24800000,India,59800.0,1200,Asia,2
likenastyaae,,24800000,Unknown,587400.0,3200,Unknown,4
unknownboyvarun,Music and Dance,24700000,India,1300000.0,119600,Asia,2
TsurikiShow,,24700000,India,604600.0,9500,Asia,2
1theK,Music and Dance,24700000,Indonesia,10100.0,595,Asia,2
DianaRomaARA,Animation,24600000,Unknown,1200000.0,5100,Unknown,1
shfashowindia,Daily Vlogs,24600000,Unknown,1300000.0,8800,Unknown,1
kidschannelindia,Music and Dance,24400000,Unknown,80300.0,385,Unknown,4
goldmineshindi,,24400000,India,12500.0,139,Asia,2
Venus_Movies,,24400000,India,39100.0,425,Asia,2
netdmuzik,Music and Dance,24400000,Turkey,6100.0,158,Asia,2
TheElenaYa,"Animation, Toys",24400000,Unknown,611400.0,1100,Unknown,1
rug,"Video Games, Comedy",24300000,United States,3200000.0,85300,North America,4
kimpro828,,24300000,Indonesia,2300000.0,55300,Asia,2
suntv,,24300000,India,15300.0,457,Asia,2
DJSnake,Music and Dance,24300000,India,16700.0,846,Asia,2
alanbecker,"Animation, Video Games",24300000,United States,7600000.0,582600,North America,5
MayaAndMary,Animation,24100000,Unknown,134600.0,0,Unknown,1
sagawa,,24100000,United States,408800.0,13300,North America,4
juandediospantojaa,"Music and Dance, Movies",24000000,Mexico,3000000.0,133200,North America,2
EnriqueIglesias,Music and Dance,23900000,United States,21800.0,2000,North America,4
JamesCharles,"Beauty, Fashion",23900000,United States,964500.0,62300,North America,1
MrMaxLife,Video Games,23900000,Russia,824200.0,19300,Europe,2
TroomTroom,"Animation, Toys",23900000,Unknown,62900.0,1200,Unknown,1
PeppaPigEspanolLatinoOficial,"Movies, Toys",23800000,Unknown,604400.0,1700,Unknown,4
misskaty1133,"Video Games, Toys",23700000,Russia,1300000.0,15200,Europe,2
Ninja,"Animation, Video Games",23700000,United States,204600.0,8700,North America,1
NickyJamTV,"Music and Dance, Movies",23700000,Colombia,15800.0,1200,South America,2
NickyJamTV,"Music and Dance, Movies",23700000,Colombia,15800.0,1200,South America,2
Azhan5star,,23600000,India,4000000.0,181100,Asia,2
ishaanali11,Daily Vlogs,23500000,India,3400000.0,242900,Asia,2
ValentinaPontesofc,,23500000,Brazil,730200.0,2700,South America,2
Jelly,"Animation, Video Games",23500000,United States,156400.0,5800,North America,1
toyorbabytv,Music and Dance,23500000,Unknown,111400.0,0,Unknown,4
SesameStreet,,23400000,Unknown,364800.0,971,Unknown,4
TED,,23400000,United States,43900.0,954,North America,4
GMMGrammy,Music and Dance,23400000,Thailand,2900.0,96,Asia,2
WaveMusicBhojpuri,Music and Dance,23400000,India,8400.0,154,Asia,2
TuzelityOfficial,,23300000,India,3200000.0,96600,Asia,2
whitehillmusic,Music and Dance,23300000,India,15300.0,659,Asia,2
VaniaManiaKids,"Animation, Toys",23300000,Unknown,325000.0,599,Unknown,1
TechnicalGuruji,,23300000,India,169500.0,7600,Asia,2
CuteAnimalsTV.,,23200000,Unknown,3400.0,9,Unknown,4
BabyBusES,"Movies, Animation",23200000,Unknown,80000.0,332,Unknown,4
DrossRotzank,,23100000,Mexico,1700000.0,105900,North America,2
capitanyolotroll,"Animation, Comedy",23100000,Mexico,3200000.0,189300,North America,1
LikeNastya_PRT,,23000000,Unknown,441000.0,2500,Unknown,4
ZachChoi,Daily Vlogs,23000000,United States,142200.0,3000,North America,1
GoldminesCineplex,,23000000,India,11800.0,129,Asia,2
DangalTVChannel,,23000000,India,91900.0,2100,Asia,2
AmiRodrigueZZ,"Animation, Comedy",22900000,Colombia,4300000.0,294400,South America,5
Yoeslan,,22900000,India,2400000.0,49700,Asia,2
sia,"Music and Dance, Movies",22900000,United States,0.0,0,North America,4
vladandnikiarab2,Animation,22800000,Unknown,982900.0,4800,Unknown,1
invictorgs3,"Animation, Video Games",22800000,Mexico,806400.0,25500,North America,1
Kidibli,"Animation, Toys",22800000,Unknown,138500.0,2400,Unknown,1
StokesTwins,"Video Games, Comedy",22700000,United States,11700000.0,235000,North America,5
vladandnikispain,,22700000,Unknown,1000000.0,3000,Unknown,4
mmoshaya,,22700000,Saudi Arabia,1100000.0,14100,Asia,2
SSundee,"Animation, Video Games",22700000,United States,1700000.0,59800,North America,1
souravjoshivlogs7028,Daily Vlogs,22700000,India,5600000.0,382300,Asia,5
THECHAINSMOKERS,"Music and Dance, Movies",22700000,United States,38900.0,1800,North America,4
ZachKing,"Movies, Comedy",22600000,United States,4900000.0,238500,North America,5
BenAzelart,"Video Games, Comedy",22500000,United States,3700000.0,44900,North America,4
DUDUeCAROL,,22500000,Brazil,964300.0,29200,South America,2
fgteev,"Movies, Video Games",22500000,United States,826800.0,10300,North America,4
VillageCookingChannel,,22500000,India,21500000.0,321500,Asia,5
dednahype,,22400000,United States,598300.0,10400,North America,4
disneyla,"Movies, Animation",22400000,Unknown,89100.0,105,Unknown,4
smilefamily363,"Animation, Toys",22400000,Unknown,7600.0,45,Unknown,1
NetflixIndiaOfficial,,22300000,India,61400.0,1400,Asia,2
BeatboxJCOP,,22300000,India,1600000.0,0,Asia,2
LIVCrime,,22300000,India,19400.0,249,Asia,2
rotanamusic,Music and Dance,22300000,Saudi Arabia,2100000.0,12600,Asia,2
RAFAELUIZOFICIAL,"Movies, Animation",22100000,Brazil,671700.0,30500,South America,2
NatGeo,,22100000,United States,42200.0,871,North America,4
williesalim,"Movies, Comedy",21900000,Indonesia,396200.0,0,Asia,2
SMOL_official,,21900000,India,114500.0,2600,Asia,2
alfredolarin,,21900000,El Salvador,12900000.0,707600,North America,5
TlnovelasOficial,"Music and Dance, Animation",21900000,Mexico,5500.0,152,North America,2
royaltyfam,Comedy,21900000,United States,4700000.0,67000,North America,1
EvaBravoPlay,"Animation, Toys",21800000,Unknown,332800.0,1300,Unknown,1
infinite,"Video Games, Comedy",21700000,United States,884800.0,45700,North America,4
MartaAndRustam,,21700000,India,4100000.0,65900,Asia,2
khangsresearchcentre1685,Education,21700000,India,7300000.0,501700,Asia,5
gmapublicaffairs,News and Politics,21700000,Philippines,4300.0,68,Asia,2
vladandnikidn,"Music and Dance, Movies",21700000,Unknown,529400.0,1300,Unknown,4
beckyg,Music and Dance,21500000,United States,0.0,0,North America,4
Priyal_Kukreja,Daily Vlogs,21500000,India,7700000.0,224600,Asia,5
BaimPaula,"Music and Dance, Movies",21300000,Indonesia,352500.0,12600,Asia,2
BraveWilderness,,21100000,United States,635400.0,14400,North America,4
buzzfeedtasty,Food and Drink,21100000,United States,84300.0,3200,North America,4
fatosdesconhecidos,Science and Technology,21100000,Brazil,92900.0,10200,South America,2
lyricalemonade,"Music and Dance, Animation",21100000,United States,2800000.0,127300,North America,4
MrVivekBindra,Education,21100000,India,56900.0,3100,Asia,2
VijayTelevision,,21100000,India,99500.0,1500,Asia,2
kurzgesagt,Education,21100000,United States,4900000.0,253500,North America,5
romeo,Music and Dance,21100000,United States,3200000.0,53900,North America,4
corbuzier,,21000000,Indonesia,2100000.0,44400,Asia,2
NBA,Sports,20900000,United States,46400.0,1000,North America,4
JasonDerulo,Music and Dance,20800000,United States,80500.0,3100,North America,4
KiddiestvHindi,Education,20800000,Unknown,17700.0,66,Unknown,1
avicii,"Music and Dance, Movies",20700000,United States,0.0,0,North America,4
5MinuteCraftsDIY,Music and Dance,20700000,India,14600.0,110,Asia,2
NinjaKidz,Video Games,20700000,United States,289800.0,6600,North America,4
7clouds,Music and Dance,20700000,United States,92100.0,1200,North America,4
LinkinPark,Music and Dance,20700000,United States,73700.0,7100,North America,4
Mnet,,20700000,United States,34400.0,3500,North America,4
BabyBusID,"Movies, Comedy",20600000,Unknown,285400.0,744,Unknown,4
#NAME?,Education,20600000,Unknown,513400.0,3100,Unknown,1
JoseComilaoTotoy,Animation,20600000,Unknown,199000.0,5000,Unknown,1
jakepaul,Fitness,20500000,United States,172400.0,7500,North America,1
somoynews360,Daily Vlogs,20500000,Bangladesh,7400.0,196,Asia,2
SlivkiShow,Video Games,20500000,Russia,2500000.0,154200,Europe,2
Miawaug,Video Games,20500000,Indonesia,748400.0,29300,Asia,2
EmiwayBantai,Music and Dance,20500000,India,892800.0,95600,Asia,2
PragatiVermaaShorts,,20500000,India,2800000.0,134300,Asia,2
Cookieswirlc,Video Games,20500000,United States,147000.0,2000,North America,4
gottalentglobal,,20400000,United States,222500.0,1200,North America,4
triggeredinsaan,Comedy,20400000,India,11100000.0,1400000,Asia,5
SonyAATH,"Travel, Shows",20400000,Bangladesh,89500.0,782,Asia,2
IShowSpeed,"Video Games, Comedy",20300000,United States,2500000.0,101600,North America,4
RobinHoodGamer1,"Animation, Video Games",20300000,Brazil,465800.0,17000,South America,1
5MinuteCraftsPLAY,Movies,20300000,India,14300.0,106,Asia,2
marvel,"Movies, Animation",20300000,United States,94400.0,5200,North America,4
rkddigital,,20200000,India,694400.0,6300,Asia,2
greengoldtv,,20100000,Unknown,42000.0,930,Unknown,4
gordonramsay,"Food and Drink, Salud y autoayuda",20100000,United States,114900.0,2800,North America,4
BuzzFeedVideo,Food and Drink,20100000,United States,15500.0,377,North America,1
unboxtherapy,Design/Art,20100000,United States,178500.0,7300,North America,1
gusttavolimaoficial,Music and Dance,20100000,Brazil,131000.0,6000,South America,2
AuthenticGames,"Movies, Video Games",20100000,Brazil,20100.0,2200,South America,2
bobbyprankster,,20100000,India,2900000.0,223500,Asia,2
pencilmation,"Animation, Comedy",20100000,United States,179700.0,1500,North America,1
PinkPanther,"Movies, Animation",20100000,Unknown,274200.0,1700,Unknown,4
ASGamingsahil,,20100000,India,227400.0,22500,Asia,2
React,Comedy,20100000,United States,133300.0,5400,North America,1
PTXofficial,Music and Dance,20100000,United States,0.0,0,North America,4
VEVO,Music and Dance,20100000,United States,9500.0,519,North America,4
goldminesgreatindiancomedy2048,,20000000,India,5800.0,39,Asia,2
BGT,"Music and Dance, Movies",19900000,United Kingdom,40800.0,576,Europe,4
sctv_,"Music and Dance, Movies",19900000,Indonesia,10900.0,225,Asia,2
ClashOfClans,"Movies, Animation",19900000,United States,1600000.0,30100,North America,4
HaerteTest,,19900000,India,18600.0,76,Asia,2
Vsauce,Science and Technology,19900000,United States,4500000.0,449000,North America,5
TroomTroom_Es,,19800000,Mexico,76000.0,1300,North America,2
etvteluguindia,,19800000,India,11300.0,220,Asia,2
tabii.urdu,,19800000,Pakistan,17900.0,485,Asia,2
fifa,Sports,19700000,United States,43200.0,2100,North America,4
CraftyPanda,"Movies, Comedy",19700000,India,18000.0,136,Asia,2
DLSNews,News and Politics,19700000,India,123000.0,3800,Asia,2
WowKidzAction,,19600000,Unknown,21300.0,90,Unknown,4
JakeFellman,,19500000,United States,471300.0,21600,North America,4
Slick_Slime_Sam_Spanish,,19500000,Mexico,100500.0,2200,North America,2
Sidemen,"Video Games, Comedy",19500000,United Kingdom,9200000.0,284800,Europe,5
Mashaurso,,19500000,Unknown,202400.0,3000,Unknown,4
heidizidane9861,Daily Vlogs,19400000,Unknown,12800.0,65,Unknown,1
busyfunltd9692,,19300000,India,4800000.0,14500,Asia,2
sonotek,"Music and Dance, Animation",19300000,India,9800.0,396,Asia,2
ArabGamesNetwork,,19300000,Algeria,190600.0,12800,Africa,2
officialajaysharma07,,19300000,India,517700.0,22000,Asia,2
kbsworldtv,,19300000,Indonesia,3700.0,144,Asia,2
degoboom,"Movies, Animation",19200000,Mexico,156100.0,5200,North America,2
turmadamonica,,19100000,Unknown,115600.0,2000,Unknown,4
CalvinHarris,Music and Dance,19100000,United States,71300.0,3500,North America,4
howridiculous,Video Games,19100000,United States,3700000.0,68300,North America,4
user-fc2ty4qw7q,,19100000,United States,9000.0,21,North America,4
MrDegreeOfficial,,19100000,United States,4000000.0,124900,North America,4
jaanvipatel,,19100000,India,19100000.0,0,Asia,5
ThePoznavatel,"DIY and Life Hacks, Toys",19100000,Russia,2300000.0,33200,Europe,1
shemaroobollywoodcomedy,,19100000,India,15200.0,132,Asia,2
TEDEd,Science and Technology,19100000,United States,303100.0,12400,North America,4
HiBestMan,Video Games,19100000,Russia,1300000.0,49300,Europe,2
cardib,Music and Dance,19100000,United States,131800.0,11500,North America,4
smilefamilyspanish1463,"Animation, Toys",19000000,Unknown,83800.0,107,Unknown,1
LittleAngelEspanol,Animation,19000000,Unknown,123500.0,339,Unknown,1
BayashiTV_,,19000000,United States,5500000.0,415900,North America,5
deepesh_zo,,18900000,India,713500.0,44600,Asia,2
grammygoldofficial,Music and Dance,18800000,Thailand,12900.0,309,Asia,2
IanLucasOficial,"Movies, Comedy",18800000,Argentina,5600000.0,401700,South America,5
alia,"Animation, Video Games",18800000,United States,336100.0,10200,North America,1
ArianaGrandeVevo,"Music and Dance, Comedy",18700000,United States,0.0,0,North America,4
MrMarmok,"Animation, Video Games",18600000,Russia,3600000.0,328100,Europe,5
LikeNastya_Vlog,Daily Vlogs,18600000,Unknown,484100.0,1800,Unknown,1
elcanaldePlimPlim,Music and Dance,18600000,Unknown,665100.0,0,Unknown,4
MileyCyrus,,18600000,United States,449000.0,32100,North America,4
andtvchannel,,18600000,India,2100.0,68,Asia,2
Blippi,"Education, Toys",18600000,Unknown,722900.0,3800,Unknown,1
rsiammusic,Music and Dance,18600000,Thailand,6200.0,137,Asia,2
DanielSaboya,Music and Dance,18600000,Brazil,12600.0,544,South America,2
PandaShorts,,18500000,India,1500000.0,120300,Asia,2
news18India,News and Politics,18500000,India,5400.0,114,Asia,2
NaisaAlifiaYurizaNAY,"Music and Dance, Movies",18400000,Indonesia,160900.0,7800,Asia,2
thewillyrex,,18400000,Spain,55600.0,4800,Europe,4
MSA.official,"Animation, Comedy",18400000,United States,4300000.0,96800,North America,1
GoodMythicalMorning,Food and Drink,18400000,United States,447300.0,20200,North America,1
SonyMusicSouthVEVO,Music and Dance,18400000,Unknown,1300.0,7,Unknown,4
Squeezie,,18400000,France,722400.0,61700,Europe,2
DannyFitt,Movies,18300000,Mexico,340000.0,14200,North America,2
korayzeynep,Daily Vlogs,18200000,Turkey,198800.0,5800,Asia,1
GENHALILINTAR,"Music and Dance, Comedy",18200000,Indonesia,89200.0,2800,Asia,2
INCRIVEL_PT,Science and Technology,18200000,Unknown,8900.0,415,Unknown,4
Apple,"Music and Dance, Animation",18200000,Unknown,3000000.0,18300,Unknown,4
LuisFonsiVEVO,Music and Dance,18200000,Peru,2000000.0,33100,South America,4
manualdomundo,Science and Technology,18200000,Brazil,311200.0,35500,South America,2
KatieAngelTV_,Music and Dance,18200000,Mexico,0.0,0,North America,2
LikeNastya_VNM,Movies,18200000,Unknown,410200.0,0,Unknown,4
SebastianYatra,Music and Dance,18200000,Colombia,26300.0,2000,South America,2
TaarakMehtaKaOoltahChashmah,,18200000,India,117000.0,1800,Asia,2
Aphmau,"Animation, Video Games",18000000,United States,2000000.0,37800,North America,1
TheGrefg,"Movies, Video Games",18000000,Spain,145900.0,10400,Europe,4
RobleisIUTU,"Movies, Animation",18000000,Argentina,267500.0,18500,South America,2
lescopaque,,18000000,Indonesia,67500.0,1600,Asia,2
tanboykun,Music and Dance,18000000,Indonesia,1400000.0,25400,Asia,2
BispoBrunoLeonardo,Music and Dance,18000000,Brazil,762100.0,276400,South America,2
News24thinkfirst,News and Politics,18000000,India,4400.0,93,Asia,2
ZuniandFamilyofficial,Daily Vlogs,18000000,Unknown,58300.0,177,Unknown,1
YounesZarou,,18000000,India,212600.0,8300,Asia,2
FunForKidsTVHindiRhymes,,18000000,Unknown,89900.0,323,Unknown,4
demilovato,Music and Dance,18000000,United States,34300.0,5200,North America,4
AMARINTVHD,News and Politics,18000000,Thailand,9000.0,137,Asia,2
GameTheory,Movies,18000000,United States,2600000.0,120000,North America,4
Jane_asmr,Daily Vlogs,17800000,Indonesia,131600.0,2600,Asia,2
portadosfundos,"Movies, Animation",17800000,Brazil,390100.0,26200,South America,2
zbingz,,17800000,Thailand,458300.0,11300,Asia,2
mgcplayhouse,"Toys, Cars and Vehicles",17800000,Unknown,56300.0,96,Unknown,4
pawansahu777,,17800000,India,1700000.0,129400,Asia,2
thexoteam,,17800000,United States,797600.0,50400,North America,4
thexoteam,,17900000,United States,772800.0,45000,North America,4
mgcplayhouse,"Toys, Cars and Vehicles",17800000,Unknown,63600.0,75,Unknown,4
lilpumpeskii,Music and Dance,17700000,United States,139500.0,5300,North America,4
NarendraModi,News and Politics,17700000,India,39500.0,2700,Asia,2
FactTechz,,17700000,India,321900.0,19900,Asia,2
IGN,,17700000,United States,36300.0,817,North America,4
salmannomanofficial,,17700000,India,729900.0,47600,Asia,2
jasonvlogslife,"Animation, Toys",17600000,Unknown,368500.0,896,Unknown,1
PrimeVideoIN,"Movies, Animation",17600000,India,18400.0,535,Asia,2
JFlaMusic,Music and Dance,17600000,United States,59800.0,3100,North America,4
musicalrmastv1,Music and Dance,17600000,Iraq,103600.0,4500,Asia,2
mkbhd,Science and Technology,17600000,United States,1400000.0,81100,North America,4
RepublicTVBharat,News and Politics,17600000,India,7100.0,0,Asia,2
zappytoons,Education,17500000,Unknown,110400.0,625,Unknown,1
ElReinoAJugar,"Education, Toys",17500000,Unknown,216600.0,570,Unknown,1
HowToBasic,Food and Drink,17400000,United States,1800000.0,63500,North America,1
stubbornfacts,News and Politics,17400000,India,20700.0,1000,Asia,2
TheBrianMaps,"Video Games, Comedy",17400000,Russia,5100000.0,390700,Europe,5
anitta,Music and Dance,17400000,Brazil,67700.0,5600,South America,2
jordanmatter,"Music and Dance, Comedy",17400000,United States,7900000.0,98500,North America,5
TRANSTVofficial,"Music and Dance, Movies",17300000,Indonesia,1000.0,17,Asia,2
JohnyFamilyShow,"Music and Dance, Toys",17300000,Unknown,52500.0,129,Unknown,4
popchartbusters,Music and Dance,17200000,India,14500.0,350,Asia,2
Willyrex,"Movies, Animation",17200000,Mexico,133400.0,10000,North America,2
Queen,"Music and Dance, Movies",17200000,United States,122500.0,8600,North America,4
issei0806,,17200000,India,3700000.0,175000,Asia,2
Filaretiki,,17200000,India,336500.0,10400,Asia,2
AayuandPihuShow,"Movies, Comedy",17000000,India,2600000.0,44300,Asia,2
SriBalajiMovies,Movies,17000000,India,9800.0,281,Asia,2
PrajapatiNews,,17000000,India,13200.0,731,Asia,2
LikeNastya_IDN,"Music and Dance, Movies",17000000,Unknown,241500.0,0,Unknown,4
VICE,News and Politics,17000000,United States,45600.0,884,North America,4
GatoGalactico,Animation,17000000,Brazil,71900.0,1500,South America,1
LahariMusicIndia,Music and Dance,17000000,India,14000.0,523,Asia,2
nomanofficial786,,17000000,India,2800000.0,245000,Asia,2
BBCHindi,News and Politics,17000000,India,84900.0,0,Asia,2
GuavaJuice,,17000000,United States,172400.0,10400,North America,4
withkids2063,"Animation, Toys",16900000,United States,28200.0,0,North America,1
BeastPhilanthropy,Food and Drink,16900000,United States,21500000.0,952100,North America,5
BollywoodClassics,Music and Dance,16900000,India,40100.0,191,Asia,2
DesiMelodies,Music and Dance,16800000,India,2400000.0,9500,Asia,2
IvanaAlawi,"Movies, Comedy",16800000,Philippines,3200000.0,109400,Asia,2
NMFNews,News and Politics,16800000,India,4000.0,86,Asia,2
DeToxoMoroxo-Oficial,"Movies, Animation",16800000,Mexico,352900.0,15600,North America,2
ufc,Sports,16800000,United States,86700.0,1700,North America,4
gmmtv,"Music and Dance, Movies",16800000,Thailand,34000.0,951,Asia,2
SagarKalraShorts,Daily Vlogs,16800000,India,864100.0,8000,Asia,2
disneyjunior,,16800000,Unknown,116400.0,342,Unknown,4
TuCOSMOPOLIS,News and Politics,16800000,Mexico,37900.0,2400,North America,2
Chapitosiki,,16800000,Russia,272800.0,6500,Europe,2
thairathonline,News and Politics,16700000,Thailand,9100.0,137,Asia,2
viralhog,Toys,16700000,United States,39500.0,1300,North America,4
failarmy,"Animation, Comedy",16700000,United States,2200000.0,20700,North America,1
IDEASEN5MINUTOSoficial,Movies,16700000,Mexico,116500.0,246,North America,2
FunFunMiniWorld,,16700000,United States,29500.0,755,North America,4
ch7hd,,16600000,Thailand,2500.0,66,Asia,2
DailyDoseOfInternet,Animals and Pets,16600000,United States,4000000.0,193200,North America,1
KaykaiSalaiderChannel,"Movies, Comedy",16600000,Thailand,813000.0,32500,Asia,2
LEGO,Animation,16600000,United States,28000.0,304,North America,1
RCTILAYARDRAMAINDONESIA,"Music and Dance, Movies",16600000,Indonesia,10200.0,174,Asia,2
tarik_alhalapi,,16500000,Turkey,2300000.0,59000,Asia,2
SandraCiresArt,,16500000,Colombia,0.0,0,South America,2
Pitbull,Music and Dance,16500000,United States,9800.0,859,North America,4
boyceavenue,Music and Dance,16500000,Brazil,17200.0,1400,South America,2
LaRosaDeGuadalupeOf,,16500000,Mexico,58500.0,1200,North America,2
samsmith,,16500000,United States,28500.0,1900,North America,4
Lyna,"Movies, Animation",16400000,Argentina,327300.0,9600,South America,2
Mrwhosetheboss,,16400000,United States,3400000.0,167900,North America,4
Infobellsbengalirhymes,Education,16400000,Unknown,746400.0,20500,Unknown,1
GLENTYOUTUBE,Video Games,16400000,Russia,1800000.0,100900,Europe,2
T3ddy,Daily Vlogs,16400000,Brazil,413500.0,42600,South America,1
FitDanceTV,"Music and Dance, Animation",16400000,Unknown,29100.0,844,Unknown,4
jjolatunji,,16400000,United States,2800000.0,145700,North America,4
mattstonie,Food and Drink,16400000,United States,1800000.0,54600,North America,1
TWICE,"Music and Dance, Movies",16400000,Philippines,350600.0,51700,Asia,2
rubentuestaoficial,,16400000,Argentina,2500000.0,291400,South America,2
Unspeakable,"Video Games, Comedy",16400000,United States,1900000.0,40000,North America,4
vladandnikiarab,Animation,16300000,Unknown,126100.0,613,Unknown,1
ADME_RU,Animation,16300000,Russia,17200.0,472,Europe,1
DearSir,Education,16300000,India,266300.0,22500,Asia,2
JoseComelonEspanol,Food and Drink,16300000,Unknown,484600.0,1900,Unknown,4
NasyaOfficial,,16200000,Indonesia,853900.0,15100,Asia,2
antrax,Animation,16200000,Mexico,623600.0,39500,North America,1
kidsplay,"Movies, Toys",16200000,Unknown,28300.0,132,Unknown,4
DylandPROS,"Movies, Animation",16200000,Indonesia,21500.0,996,Asia,2
TV9Bharatvarsh,News and Politics,16200000,India,4100.0,97,Asia,2
mkmusic,Music and Dance,16100000,Brazil,29200.0,1700,South America,2
MoreAliA,"Animation, Video Games",16100000,United States,645200.0,11900,North America,1
MYFAMILYComedy,,16100000,India,2600000.0,5400,Asia,2
camilo,Music and Dance,16000000,Colombia,560000.0,17000,South America,2
Arifmuhammadd,"Music and Dance, Movies",16000000,Indonesia,3300000.0,62400,Asia,2
SonyLIV,,16000000,India,9300.0,105,Asia,2
wifistudy,Education,16000000,India,3900.0,184,Asia,2
katakit_baby,Music and Dance,16000000,Saudi Arabia,174500.0,1200,Asia,2
MazhavilManorama,,16000000,India,13300.0,299,Asia,2
JulianaBaltar,"Movies, Comedy",16000000,Brazil,207800.0,9400,South America,2
KarlaBustillos,,16000000,Mexico,5400000.0,362000,North America,5
kuplinovplay,Video Games,16000000,Russia,1900000.0,124700,Europe,2
VolgaVideo,,16000000,India,3500.0,22,Asia,2
DopeLyrics,Music and Dance,16000000,United States,24200.0,242,North America,4
hamaarbhojpuri,Music and Dance,16000000,India,32200.0,1200,Asia,2
yudistardhana,Movies,16000000,Indonesia,492000.0,18300,Asia,2
MashaBearARAB,,15900000,Unknown,226000.0,4300,Unknown,4
ChetanMongaVlogs,Daily Vlogs,15900000,India,1400000.0,95100,Asia,2
TeamFilmsBhojpuri,Music and Dance,15900000,India,11600.0,241,Asia,2
KashviAdlakha,,15900000,India,97900.0,2800,Asia,2
BlippiEspanol,,15900000,Unknown,245100.0,628,Unknown,4
pinkshirtcouple,,15800000,United States,3200000.0,123400,North America,4
ColorsRishtey1,,15800000,India,3600.0,29,Asia,2
RottenTomatoesTRAILERS,"Movies, Animation",15800000,United States,34600.0,510,North America,4
FCBarcelona,Sports,15800000,United States,164500.0,12100,North America,4
5MCArabic,Movies,15800000,Egypt,32500.0,169,Africa,2
5MinuteCraftsFAMILY,,15800000,India,5200.0,71,Asia,2
TheMriDul,,15700000,India,7400000.0,349500,Asia,5
TalkingFriends,"Animation, Comedy",15700000,United States,17800.0,125,North America,1
SonyMusicSouth,"Music and Dance, Movies",15600000,India,256100.0,3000,Asia,2
zutigang,Daily Vlogs,15600000,United States,124400.0,4900,North America,1
HenriqueeJuliano,Music and Dance,15600000,Brazil,2000000.0,19100,South America,2
FFUNTV,,15600000,United States,0.0,0,North America,4
CNN,"Music and Dance, Animation",15600000,United States,152800.0,2300,North America,4
MobileLegends5v5MOBA,"Animation, Video Games",15600000,Indonesia,80900.0,695,Asia,2
Zayn,Music and Dance,15600000,United States,145200.0,20500,North America,4
genierock,Music and Dance,15600000,Thailand,66700.0,742,Asia,2
TheHarshBeniwal,"Movies, Comedy",15600000,India,0.0,0,Asia,2
joerogan,Daily Vlogs,15600000,United States,1200000.0,20700,North America,1
SRKMUSIC,Music and Dance,15600000,India,13000.0,318,Asia,2
EliKids,Music and Dance,15600000,Unknown,173500.0,2300,Unknown,4
Senya_Super,"Animation, Toys",15500000,Unknown,15800.0,117,Unknown,1
ShriPrashant,Education,15500000,India,71800.0,6300,Asia,2
A2Motivation,Education,15500000,India,715000.0,103500,Asia,2
LOKESHGAMER,,15400000,India,240400.0,27400,Asia,2
Kerajinan5-Menit,Music and Dance,15400000,Indonesia,11500.0,70,Asia,2
romanatwoodvlogs,"Movies, Comedy",15400000,United States,2500000.0,106700,North America,4
LinusTechTips,Science and Technology,15400000,United States,1100000.0,54800,North America,4
DaveAndAva,Music and Dance,15400000,Unknown,164100.0,559,Unknown,4
kompastv,News and Politics,15400000,Indonesia,4400.0,34,Asia,2
_vector_,,15400000,United States,15400000.0,712400,North America,5
THE_BROWN_SIBLINGS,,15400000,India,234500.0,15600,Asia,2
Jesser,"Video Games, Comedy",15400000,United States,1300000.0,50600,North America,4
RayWilliamJohnson,"Animation, Comedy",15400000,United States,2600000.0,237600,North America,1
GoAmiGo,Daily Vlogs,15400000,Colombia,7900000.0,455300,South America,5
nianaguerrero,Music and Dance,15400000,Philippines,504800.0,12100,Asia,2
abscbnnews,News and Politics,15400000,Philippines,3800.0,39,Asia,2
ndtvindia,News and Politics,15400000,India,3300.0,38,Asia,2
MNCTVOfficialId,"Music and Dance, Movies",15300000,Indonesia,1200.0,34,Asia,2
OyuncakAvi-oyku,,15300000,Unknown,25400.0,0,Unknown,4
studyiqofficial,Education,15200000,India,16400.0,883,Asia,2
ranzkyle,,15200000,Philippines,399900.0,19100,Asia,2
MohamedRamadan,"Music and Dance, Movies",15200000,Egypt,272900.0,6400,Africa,2
HongyuASMR,ASMR,15200000,United States,368500.0,4100,North America,1
DaftarPopuler,Science and Technology,15200000,Indonesia,56400.0,749,Asia,2
EdisonPts,Video Games,15200000,Russia,1600000.0,108100,Europe,2
SupercarBlondie,Animation,15200000,United States,745100.0,23100,North America,1
PlayStation,,15200000,United States,33100.0,995,North America,4
Thaich8,,15200000,Thailand,9000.0,135,Asia,2
kwebbelkop,"Animation, Video Games",15200000,United States,60800.0,602,North America,1
mariale,,15200000,Mexico,17700.0,1200,North America,2
PPMussas,Fashion,15200000,Mexico,230400.0,10400,North America,1
Makiman131,"Movies, Animation",15200000,Spain,238400.0,11000,Europe,4
LittleAngelBrasil,Animation,15100000,Unknown,206800.0,453,Unknown,1
zncoficial,,15100000,Brazil,20400.0,1800,South America,2
indorephysicalacademy.,,15100000,India,54800.0,3900,Asia,2
NetflixJr,"Animation, Comedy",15100000,Unknown,104200.0,197,Unknown,1
TazerCraft,"Movies, Animation",15000000,Brazil,182000.0,12700,South America,2
PeetMontzingo,,15000000,United States,1700000.0,0,North America,4
XpressTV,Science and Technology,15000000,Mexico,1100000.0,33400,North America,2
ABCNews,News and Politics,15000000,United States,10900.0,115,North America,4
Therichest,News and Politics,15000000,United States,8500.0,246,North America,4
leagueoflegends,"Movies, Animation",15000000,United States,909100.0,45300,North America,4
RS1313Shorts,,15000000,India,5000.0,49,Asia,2
mispastelitos,Food and Drink,15000000,Mexico,1700000.0,89700,North America,2
crashcourse,Science and Technology,15000000,United States,28900.0,1200,North America,4
5MinuteCraftsRecycle,,15000000,India,6300.0,70,Asia,2
itowngameplay,"Animation, Video Games",15000000,Mexico,47100.0,2600,North America,1
TroomTroomRu,"Video Games, Toys",15000000,Unknown,96000.0,2000,Unknown,4
jorgeemateus,Music and Dance,14900000,Brazil,72600.0,2400,South America,2
cure0721,,14900000,Indonesia,3300000.0,245100,Asia,2
iamneetubisht,,14900000,India,3500000.0,200400,Asia,2
SusyMouriz,,14900000,Mexico,4900000.0,364000,North America,5
MattyBRaps,Music and Dance,14900000,United States,267900.0,949,North America,4
OReinoInfantil,Music and Dance,14900000,Unknown,88300.0,262,Unknown,4
AadishaktiFilms,Music and Dance,14900000,Unknown,12500.0,336,Unknown,4
GyanGaming,"Video Games, Comedy",14800000,India,264800.0,22700,Asia,2
fueledbyramen,Music and Dance,14800000,United States,88400.0,696,North America,4
camilaloures,"Movies, Comedy",14800000,Brazil,271900.0,16700,South America,2
sevengersofficial,,14800000,India,3200000.0,342100,Asia,5
MeghanTrainor,"Movies, Comedy",14800000,United States,17600.0,662,North America,4
theslowmoguys,,14800000,United States,1100000.0,66200,North America,4
majorlazer,"Music and Dance, Movies",14800000,United States,25700.0,722,North America,4
lachlan,"Animation, Video Games",14800000,United States,500700.0,19500,North America,1
MalumaVEVO,Music and Dance,14800000,Mexico,226400.0,8500,North America,2
chadwildclay,"Movies, Comedy",14800000,United States,864700.0,17500,North America,4
auron,"Movies, Animation",14800000,Mexico,1100000.0,48800,North America,2
E_MasterSensei,"Movies, Video Games",14800000,Mexico,519800.0,32200,North America,2
MartinGarrix,Music and Dance,14800000,United States,40700.0,4000,North America,4
facts806,,14800000,Egypt,12500.0,744,Africa,2
collegehumor,"Movies, Comedy",14800000,United States,212000.0,10100,North America,4
BBCNews,News and Politics,14800000,United States,66300.0,913,North America,4
DocTops,Animation,14800000,Mexico,1300000.0,45200,North America,1
PrestonPlayz,"Animation, Video Games",14800000,United States,787300.0,11900,North America,1
vladandnikiport,,14700000,Unknown,511300.0,0,Unknown,4
TheVishalbhatt,,14700000,India,446900.0,27600,Asia,2
nostalgia,Science and Technology,14700000,Unknown,53900.0,6400,Unknown,4
DentalDigest,,14700000,United States,6400000.0,209400,North America,5
zeebangla,,14700000,India,1300.0,17,Asia,2
cokestudio,"Music and Dance, Movies",14700000,Pakistan,1800000.0,1400,Asia,2
LikeNastya_Stories,"Animation, Toys",14700000,Unknown,77600.0,345,Unknown,1
user-ts8yv9np7m,"Movies, Comedy",14700000,Unknown,38000.0,159,Unknown,4
infobellskannadarhymes,Education,14700000,Unknown,348300.0,8100,Unknown,1
ZEE5,,14700000,India,255.5,8,Asia,2
rebeccazamolo,"Video Games, Comedy",14600000,United States,2900000.0,30400,North America,4
ZigandSharko,,14600000,Unknown,136900.0,935,Unknown,4
VijayKumarVinerVlogs,,14600000,India,110600.0,3100,Asia,2
GMM25Thailand,,14600000,Thailand,2900.0,34,Asia,2
Telemundo,,14600000,Argentina,2800.0,53,South America,2
TheDodo,Animals and Pets,14600000,United States,462900.0,12300,North America,1
NatanporAi,,14600000,Brazil,1500000.0,28300,South America,2
IDEIASINCRIVEIS,,14600000,Brazil,11000.0,120,South America,2
boramtubetoysreview9575,"Movies, Toys",14600000,Unknown,9500.0,77,Unknown,4
legendaefunk,"Music and Dance, Animation",14600000,Brazil,3700.0,154,South America,2
woodyandkleiny,"Video Games, Comedy",14600000,United States,524900.0,35100,North America,4
NobruTV,"Movies, Animation",14600000,Brazil,367300.0,31300,South America,2
reactiontime,"Animation, Comedy",14600000,United States,12600.0,681,North America,1
TommyInnit,"Video Games, Comedy",14600000,United States,1400000.0,99000,North America,4
LillySingh,"Animation, Comedy",14600000,United States,54700.0,3600,North America,1
lesboystv,,14500000,France,28700.0,0,Europe,2
GH.S,,14500000,United States,5100000.0,194600,North America,5
IanBoggs,"Movies, Comedy",14500000,United States,2500000.0,175300,North America,4
Drawblogs,"Movies, Animation",14400000,Mexico,9300.0,446,North America,2
RosannaPansino,DIY and Life Hacks,14400000,United States,48500.0,3300,North America,1
LuliPampin,"Music and Dance, Animation",14400000,Unknown,1200000.0,2500,Unknown,4
CrescendocomLuluca,Animation,14400000,Brazil,768300.0,31200,South America,1
AlexaRivera,"Animation, Comedy",14400000,United States,3500000.0,87700,North America,1
dangmattsmith,"Animation, Comedy",14400000,Unknown,58000.0,3000,Unknown,1
WishFM1075official,Music and Dance,14400000,Philippines,49400.0,711,Asia,2
BobonSantoso,"Music and Dance, Movies",14400000,Indonesia,242200.0,7100,Asia,2
nikkietutorials,"Design/Art, Belleza",14400000,United States,2700000.0,152400,North America,1
Compot,Video Games,14400000,Russia,1000000.0,40600,Europe,2
vladandnikirus,Toys,14300000,Unknown,832100.0,2700,Unknown,4
JamunaTVbd,News and Politics,14300000,Bangladesh,3800.0,70,Asia,2
zeetvtelugu,,14300000,India,2700.0,78,Asia,2
seungbini67,,14300000,United States,9200000.0,325200,North America,5
boxtoxtv,,14300000,India,1700000.0,53500,Asia,2
ETVJabardasth,Comedy,14300000,India,70800.0,1700,Asia,2
Jazzghost,"Animation, Video Games",14200000,Brazil,1400000.0,61500,South America,1
BieTheSka,,14200000,Thailand,316600.0,8900,Asia,2
airrack,"Video Games, Comedy",14200000,United States,4400000.0,192700,North America,4
inventonahora,"Movies, Comedy",14200000,Brazil,466900.0,47500,South America,2
TheSocialFactory,,14200000,India,0.0,0,Asia,2
nehakakkar,Music and Dance,14200000,India,320100.0,25600,Asia,2
SuperPolina,,14200000,Russia,1800.0,10,Europe,2
ComePlayWithMe,"Movies, Toys",14200000,Unknown,1500000.0,0,Unknown,4
veritasium,Science and Technology,14200000,United States,2800000.0,110800,North America,4
SanjoyDasOfficial,,14200000,India,326200.0,34800,Asia,2
karameeshchannel,Music and Dance,14200000,Jordan,267600.0,1900,Asia,2
AM3NlC,Cars and Vehicles,14200000,Brazil,329100.0,25200,South America,1
huba3,,14200000,United States,1100000.0,27400,North America,4
DEVKeFacts,,14200000,India,1200000.0,45600,Asia,2
ATRO55,,14200000,Iraq,523100.0,51200,Asia,2
Narobeauty,,14200000,Iraq,2400000.0,124700,Asia,2
trapcity,Music and Dance,14200000,United States,17500.0,734,North America,4
refugiomental6032,Movies,14200000,Argentina,76600.0,1200,South America,2
vilmei,,14200000,Indonesia,162100.0,0,Asia,2
TVAnaEmilia,,14200000,Mexico,85800.0,4100,North America,2
thinkmusicofficial,Music and Dance,14200000,India,41900.0,1000,Asia,2
tseriesregional,Music and Dance,14200000,India,6900.0,59,Asia,2
MasterskayaNastroeny,"Movies, Video Games",14100000,Russia,125600.0,2700,Europe,2
theHacksmith,Video Games,14100000,United States,174900.0,10200,North America,4
StrayKids,"Music and Dance, Movies",14100000,United States,839600.0,146500,North America,4
kidstvindia,Toys,14100000,Unknown,24100.0,70,Unknown,4
vladynikishow,,14100000,Unknown,312400.0,1100,Unknown,4
RaptorGamer,"Animation, Video Games",14000000,Mexico,257400.0,19900,North America,1
geonews,,14000000,Pakistan,3900.0,47,Asia,2
OQueNaoDizerOficial,"Movies, Animation",14000000,Brazil,61400.0,7300,South America,2
atlanticrecords,,14000000,United States,6300.0,315,North America,4
Acenix,"Animation, Video Games",14000000,Mexico,741100.0,23400,North America,1
Infobellsrhymes,"Toys, Cars and Vehicles",14000000,Unknown,105600.0,3300,Unknown,4
GoldminesPremiere,,14000000,Unknown,8900.0,168,Unknown,4
DesiGamers_,,14000000,India,971100.0,99700,Asia,2
juliagisella,,14000000,United States,524700.0,53100,North America,4
albert_cancook,,14000000,United States,6700000.0,459100,North America,5
bibotoysrus,"Animation, Toys",13900000,Unknown,106400.0,0,Unknown,1
adeletsami3286,"Animation, Comedy, Toys",13900000,France,8000.0,37,Europe,1
123GOSpanish,Animation,13900000,Mexico,60400.0,547,North America,1
Mythpat,,13900000,India,11700000.0,1200000,Asia,5
MaviGadgets,,13900000,United States,212800.0,4600,North America,4
wesleysafadao,Music and Dance,13900000,Brazil,162700.0,4600,South America,2
BBC,"Movies, Animation",13800000,United Kingdom,9900.0,226,Europe,4
nishamadhulika,Food and Drink,13800000,India,132400.0,3200,Asia,2
AdamW,"Animation, Comedy",13800000,United States,2900000.0,98200,North America,1
FAPTV,"Animation, Comedy",13800000,United States,75100.0,2300,North America,1
BigTastyAnimations,,13800000,United States,199900.0,12600,North America,4
jbalvinVEVO,"Music and Dance, Movies",13800000,Colombia,0.0,0,South America,2
jomyproductionshorts,,13800000,India,258800.0,8600,Asia,2
jojotvhindi,Music and Dance,13800000,India,19700.0,499,Asia,2
MAIKI021,"Animation, Comedy",13800000,Brazil,6000.0,754,South America,1
penguinz0,Movies,13800000,United States,1700000.0,71600,North America,4
PetsSwag,,13800000,United States,909900.0,30500,North America,4
codiscos,Music and Dance,13800000,Unknown,19500.0,287,Unknown,4
blockbustermovies7960,Daily Vlogs,13800000,India,8700.0,174,Asia,2
ZeinabHarakeVlogs,Comedy,13800000,Philippines,2800000.0,94000,Asia,1
gmanews,News and Politics,13800000,Philippines,3400.0,48,Asia,2
PlayHard,,13800000,Brazil,120000.0,12000,South America,2
TypicalGamer,Video Games,13800000,United States,284700.0,7400,North America,4
mymissanand,"Movies, Comedy",13700000,India,965100.0,17300,Asia,2
WanasahTV1,"Movies, Animation",13700000,Unknown,856300.0,3500,Unknown,4
ladydiana11,"Music and Dance, Comedy",13700000,Russia,2600000.0,58300,Europe,2
AmaraQueLinda,Daily Vlogs,13600000,Colombia,719100.0,59000,South America,1
BUDI01GAMING,"Movies, Animation",13600000,Indonesia,625000.0,26000,Asia,2
lunomosik,Video Games,13600000,Russia,1400000.0,27500,Europe,2
KidsLineKOYA,"Movies, Comedy",13600000,Unknown,9300.0,40,Unknown,4
TrakinTech,News and Politics,13600000,India,418000.0,22800,Asia,2
Vogue,Fashion,13600000,United States,114800.0,5700,North America,1
MyMateNate,,13600000,Thailand,1300000.0,30700,Asia,2
luismendez1405,,13600000,Mexico,1000000.0,182000,North America,2
awakeningrecords,Music and Dance,13600000,Indonesia,15300.0,675,Asia,2
TwinsFromRussiaRevega,,13600000,United States,65200.0,2000,North America,4
onlinejobRk,,13600000,India,4300.0,99,Asia,2
BanderitaX,"Animation, Video Games",13600000,Saudi Arabia,1200000.0,88200,Asia,1
Anaysa,"Movies, Comedy",13600000,India,94900.0,4900,Asia,2
Painzeiro,Daily Vlogs,13600000,Brazil,351800.0,7500,South America,1
PozziGamer,"Animation, Video Games",13600000,Russia,391900.0,15400,Europe,1
ConorMaynard,Music and Dance,13600000,United States,52200.0,2600,North America,4
Wengie,Food and Drink,13600000,United States,17000.0,1200,North America,4
ryan,Movies,13600000,United States,7000000.0,222800,North America,5
Thegeetagurjar,,13500000,India,3200000.0,70800,Asia,2
sportsnationespn,Sports,13500000,United States,114000.0,3700,North America,4
itsDrRyan,,13500000,United States,1000000.0,39200,North America,4
MCDivertida,"Music and Dance, Movies",13500000,Unknown,288700.0,1400,Unknown,4
TechnologyGyan,,13400000,India,445400.0,29100,Asia,2
MattSDance,"Music and Dance, Movies",13400000,United States,54200.0,2700,North America,4
KabitasKitchen,,13400000,India,111000.0,3900,Asia,2
gags,,13400000,United States,156900.0,1500,North America,4
theworldadventureshindi,Daily Vlogs,13400000,Unknown,6200.0,342,Unknown,1
SonotekBhakti,Music and Dance,13400000,India,4400.0,109,Asia,2
H2ODelirious,"Animation, Video Games",13400000,United States,153900.0,6600,North America,1
athleanx,"Fitness, Health, and Self-Help",13400000,United States,340400.0,13000,North America,1
TheInfographicsShow,Education,13400000,United States,162500.0,5700,North America,1
theRadBrad,"Animation, Video Games",13400000,United States,76600.0,3200,North America,1
LofiGirl,Comedy,13400000,United States,139000.0,8500,North America,1
KurtHugoSchneider,,13400000,United States,20600.0,1200,North America,4
AzzyLand,Animation,13400000,United States,115600.0,3600,North America,1
BrawlStars,Animation,13400000,United States,1500000.0,98400,North America,1
einerdtv,"Movies, Animation",13400000,Brazil,155100.0,22400,South America,2
AlexGonzagaOfficial,"Movies, Comedy",13400000,Philippines,1600000.0,36300,Asia,2
PeppaPigPortuguesOficial,"Movies, Animation",13300000,Unknown,354800.0,1900,Unknown,4
VexTrexKidsCartoon,"Movies, Animation",13300000,Unknown,21100.0,0,Unknown,4
MashaBearUkraine,,13300000,Unknown,85400.0,673,Unknown,4
DJKhaledOfficial,,13300000,United States,178400.0,4500,North America,4
OficialHungria,Music and Dance,13300000,Brazil,75000.0,7400,South America,2
prantoniojunior,Music and Dance,13300000,Brazil,246300.0,46500,South America,2
Akon,Music and Dance,13200000,Brazil,32000.0,1900,South America,2
knowledgetvhindi001,Education,13200000,India,58100.0,2300,Asia,2
GuiGe,,13200000,India,176700.0,6100,Asia,2
MARIANAMIAMORCH,Movies,13200000,Mexico,533700.0,32300,North America,2
NickPro,Sports,13200000,United States,12200000.0,286000,North America,5
RauwAlejandroTv,Music and Dance,13200000,Peru,219400.0,7300,South America,4
LizaBaez,,13200000,Mexico,832800.0,104300,North America,2
klara_tania,"Movies, Animation",13200000,Indonesia,834500.0,47500,Asia,2
Caylus,"Animation, Video Games",13200000,United States,477600.0,11800,North America,1
AlArabiya,News and Politics,13200000,Morocco,5000.0,90,Africa,2
Davie504,,13200000,United States,0.0,0,North America,4
JesseAndMike,,13200000,United States,201400.0,3600,North America,4
redetv,,13200000,Brazil,2500.0,90,South America,2
spider-maaaaaaan,,13100000,Japan,1900000.0,45000,Asia,2
CznBurak,Daily Vlogs,13100000,Turkey,1400000.0,72500,Asia,1
rupalchoudharytd,,13100000,India,279100.0,21000,Asia,2
CuteWolfVideos,"Movies, Toys",13100000,Unknown,53500.0,116,Unknown,4
TopViralTalentYT,,13000000,United States,17700.0,283,North America,4
ColeAndSav,Daily Vlogs,13000000,United States,322100.0,10100,North America,1
gymvirtual,"Fitness, Health, and Self-Help",13000000,Mexico,50900.0,1900,North America,2
DuoTiempoDeSol,"Music and Dance, Animation",13000000,Unknown,47400.0,170,Unknown,4
KiryaKolesnikov,Daily Vlogs,13000000,United States,54700.0,1900,North America,1
MoniLinaFamily,,13000000,India,147300.0,3600,Asia,2
zeetamil,,13000000,India,1200.0,11,Asia,2
mariano_razo,,13000000,Mexico,5300000.0,399300,North America,5
Chustertv,Video Games,13000000,Spain,1600000.0,96300,Europe,4
francoescamilla,"Movies, Comedy",13000000,Mexico,560000.0,11800,North America,2
sulgiyang,"ASMR, Food and Drink",13000000,United States,557500.0,8600,North America,1
TalkingAngela,Music and Dance,13000000,United States,53000.0,360,North America,4
officialjassrecords,Music and Dance,13000000,India,12800.0,662,Asia,2
bibotoyskor,,12900000,Unknown,4300.0,0,Unknown,4
HeidiandZidaneEsp,Daily Vlogs,12900000,Unknown,61100.0,363,Unknown,1
dianaandromaind5591,,12900000,Unknown,222200.0,395,Unknown,4
Behindwoodstv,Daily Vlogs,12900000,Unknown,13300.0,386,Unknown,1
dhruvrathee,News and Politics,12900000,India,6400000.0,328000,Asia,5
TroomTroom_India,,12900000,India,21200.0,244,Asia,2
watchHitsHD,,12900000,India,72300.0,8200,Asia,2
janesergo,,12900000,United States,99500.0,2600,North America,4
RobTopGames,,12800000,United States,2200000.0,217900,North America,4
FreeFireIndiaOfficial,,12800000,India,308800.0,25200,Asia,2
FamilyFitnessChannel,,12800000,India,318800.0,14400,Asia,2
EnglishConnectionByKanchan,Education,12800000,India,247400.0,15200,Asia,2
MrSuicideSheep,,12800000,United States,39700.0,1900,North America,4
MundoBita,"Music and Dance, Movies",12800000,Unknown,152700.0,2700,Unknown,4
GustavoParodiasOficial,,12800000,Brazil,168800.0,7700,South America,2
NANDO,"Animation, Comedy",12800000,Colombia,208300.0,13000,South America,1
elliegouldingofficial,Music and Dance,12800000,United States,0.0,0,North America,4
AdexeyNau,Music and Dance,12800000,Mexico,13100.0,1500,North America,2
NDTV,News and Politics,12800000,India,1400.0,10,Asia,2
piuzinho,"Animation, Comedy",12800000,Brazil,527100.0,107700,South America,1
BlossomTV,,12800000,United States,24800.0,747,North America,4
ZeeKids,,12800000,Unknown,153700.0,2600,Unknown,4
FlowersComedy,Comedy,12800000,India,101900.0,1000,Asia,2
FirstWeFeast,Movies,12800000,United States,157600.0,5500,North America,4
Morgz,"Movies, Comedy",12800000,Unknown,1100000.0,31100,Unknown,4
Littleglove,Daily Vlogs,12800000,India,1100000.0,61700,Asia,2
MoonbugKids_SingAlongWithMe,Toys,12700000,Unknown,49000.0,100,Unknown,4
refugiomental6818,"Movies, Animation",12700000,Brazil,107400.0,2700,South America,2
Yair17,"Movies, Animation",12600000,Mexico,159800.0,14700,North America,2
NITINFREEFIRE,,12600000,India,1500000.0,177800,Asia,2
MasSKabeche,"Movies, Animation",12600000,Mexico,0.0,0,North America,2
WaveMusicBhakti,Music and Dance,12600000,Unknown,3400.0,52,Unknown,4
TheDaniRep,"Animation, Video Games",12600000,Mexico,195500.0,19600,North America,1
parafernalha,"Movies, Comedy",12600000,Brazil,84900.0,6300,South America,2
TimbaVk,"Animation, Video Games",12600000,Mexico,414000.0,15200,North America,1
NasDaily,Education,12600000,United States,448700.0,19300,North America,1
TroomTroom_Indonesia,"Music and Dance, Movies",12600000,Indonesia,59800.0,509,Asia,2
casey,Movies,12600000,United States,0.0,0,North America,4
bharatzkitchenHINDI,,12600000,India,271000.0,4100,Asia,2
jtcasey,"Animation, Comedy",12600000,United States,156600.0,7400,North America,1
aljazeera,News and Politics,12600000,Morocco,7000.0,105,Africa,2
WildNOut,"Music and Dance, Comedy",12600000,United States,228400.0,8600,North America,4
gibby,,12600000,Mexico,174400.0,9500,North America,2
BiperYSusAmigos,"Music and Dance, Movies",12600000,Unknown,155000.0,0,Unknown,4
AvrilLavigne,Music and Dance,12600000,United States,53600.0,5700,North America,4
nhstudioz,,12600000,India,11500.0,77,Asia,2
QuantumTech,Science and Technology,12600000,United States,185300.0,2300,North America,4
DisneyChannelUK,"Movies, Comedy",12600000,Unknown,19000.0,307,Unknown,4
pocoyo,,12600000,Unknown,335000.0,2200,Unknown,4
TroomTroom_Pt,Animation,12600000,Brazil,43700.0,971,South America,1
GoldminesActionMovies,,12600000,Unknown,7900.0,139,Unknown,4
redbull,Sports,12600000,United States,1400000.0,52300,North America,4
CHHOTUKIMASTI,,12600000,India,655600.0,5600,Asia,2
parislifestyle7488,,12600000,India,517100.0,5100,Asia,2
DRJRecordsspecials,,12600000,India,8900.0,46,Asia,2
colinfurze,Video Games,12600000,United States,1500000.0,69600,North America,4
justinflom,"Movies, Comedy",12600000,United States,791700.0,18100,North America,4
PeopleVsFood,Food and Drink,12600000,United States,388300.0,14200,North America,1
RachitRojha,,12600000,India,1600000.0,38600,Asia,2
Baby_Jenny,"Movies, Toys",12500000,Unknown,18600.0,71,Unknown,4
hzhtubekidsfun,"Animation, Toys",12500000,Unknown,79000.0,1500,Unknown,1
healthtime6469,Daily Vlogs,12500000,India,3300.0,115,Asia,2
LittleBabyBumEspanol,,12500000,Unknown,7200.0,18,Unknown,4
HeroMovies2023,Daily Vlogs,12500000,India,7100.0,215,Asia,2
CalvinHarrisVEVO,Music and Dance,12500000,United States,71300.0,3500,North America,4
FarjanaDrawingAcademy,,12500000,India,387100.0,25100,Asia,2
TeremokTV,,12500000,Unknown,95400.0,253,Unknown,4
eltrece,Music and Dance,12400000,Unknown,1500.0,15,Unknown,4
TheKingofRandom,DIY and Life Hacks,12400000,United States,32700.0,1000,North America,1
Vendyyaduwanshi,,12400000,India,353000.0,44100,Asia,2
ArynewsTvofficial,News and Politics,12400000,Pakistan,3600.0,75,Asia,2
MakeJokeOf,"Movies, Animation",12400000,India,7400000.0,343000,Asia,5
LOUDgg,,12400000,Brazil,310800.0,22300,South America,2
ctctv,"Movies, Animation",12400000,Russia,39900.0,940,Europe,2
TalentRecap,"Music and Dance, Movies",12400000,United States,52100.0,544,North America,4
LittleTreehouseNurseryRhymes,"Toys, Cars and Vehicles",12400000,Unknown,104200.0,373,Unknown,4
scottsreality,,12400000,United States,9300000.0,199200,North America,5
OliviaRodrigo,Music and Dance,12400000,United States,1600000.0,78000,North America,4
GrandmasterJinBodhi,Animation,12400000,Singapore,26400.0,639,Asia,1
IceCreamRolls,,12400000,United States,18000.0,634,North America,4
_gogo2728,Daily Vlogs,12400000,India,86700.0,8200,Asia,2
FilmTheory,"Movies, Animation",12400000,United States,1200000.0,71500,North America,4
HISTORY,Movies,12400000,United States,108200.0,1900,North America,4
NattiNatasha,Music and Dance,12400000,United States,56300.0,3400,North America,4
123GO_,DIY and Life Hacks,12400000,United States,133200.0,549,North America,1
JoojNatu,,12400000,Brazil,2300000.0,197700,South America,2
belabagunca,"Movies, Animation",12400000,Brazil,114900.0,3900,South America,2
BlackEyedPeas,Music and Dance,12400000,United States,10100.0,498,North America,4
rathorvideo,Music and Dance,12400000,India,5300.0,55,Asia,2
InsideEdition,News and Politics,12400000,United States,65800.0,1700,North America,4
Panda.,"Animation, Video Games",12400000,India,839300.0,70100,Asia,2
NirahuaMusic,,12300000,India,799200.0,8900,Asia,2
WatchMeOff,"Movies, Animation",12300000,Russia,749800.0,20200,Europe,2
LuanSantana,Music and Dance,12300000,Brazil,1200000.0,50000,South America,2
JugnuKidsrhymes,"Food and Drink, Toys",12300000,Unknown,46900.0,176,Unknown,4
MBCMASRtv,,12200000,Egypt,2200.0,39,Africa,2
Lulu99,,12200000,Colombia,410400.0,32000,South America,2
LipaoGamer,"Movies, Animation",12200000,Brazil,130100.0,5100,South America,2
lilwayne,Cars and Vehicles,12200000,United States,203700.0,11100,North America,1
natandessie,"Toys, DIY and Life Hacks",12200000,United States,62600.0,256,North America,4
itsxomgpop,"Music and Dance, Movies",12200000,Unknown,32900.0,1500,Unknown,4
yogawithadriene,Fitness,12200000,United States,0.0,0,North America,1
SPDNOO1,Comedy,12200000,Thailand,1600000.0,62500,Asia,1
bbcearth,,12200000,United States,92100.0,1600,North America,4
telugufilmnagar,,12200000,India,3400.0,55,Asia,2
MashaBearHINDI,"Animation, Toys",12200000,Unknown,90900.0,1600,Unknown,1
MUSATANVEER,,12200000,Pakistan,166700.0,3200,Asia,2
brancoala,"Movies, Animation",12200000,Brazil,343100.0,6200,South America,2
KooKooTvHindi,,12200000,India,337800.0,2600,Asia,2
TWOSIDEGAMERS,,12200000,India,200400.0,18800,Asia,2
flamingo,"Animation, Video Games",12200000,United States,1800000.0,71300,North America,1
OumWalidcuisine,Education,12200000,Algeria,333500.0,16000,Africa,2
elrubius,"Movies, Animation",12200000,Mexico,1100000.0,85600,North America,2
Aniruddhacharyaji,Daily Vlogs,12100000,India,116400.0,3600,Asia,2
SaregamaHumBhojpuri,Music and Dance,12100000,India,39300.0,2200,Asia,2
Super_Senya_RU,"Animation, Toys",12100000,Unknown,47200.0,192,Unknown,1
HiTechIslamic,Music and Dance,12100000,Pakistan,62200.0,810,Asia,2
CarryisLive,"Movies, Comedy",12000000,India,0.0,0,Asia,2
Family-Box,Movies,12000000,Russia,173600.0,6600,Europe,2
AnnoyingOrange,"Movies, Animation",12100000,United States,187200.0,6900,North America,4
timesmusicindia,Music and Dance,12100000,India,5400.0,265,Asia,2
Super_Senya_RU,"Animation, Toys",12100000,Unknown,47200.0,192,Unknown,1
HiTechIslamic,Music and Dance,12100000,Pakistan,62200.0,810,Asia,2
HeeraGoldOfficial,Daily Vlogs,12000000,Pakistan,30600.0,953,Asia,2
ChainsmokersVEVO,Music and Dance,12000000,United States,406600.0,16300,North America,4
Family-Box,Movies,12000000,Russia,177400.0,6300,Europe,2
linhnhishorts,,12000000,United States,500700.0,8300,North America,4
dojacat,Music and Dance,11900000,United States,13600000.0,395300,North America,5
BS_Arabic,,11900000,Egypt,6000.0,160,Africa,2
deepalimarkam1,,11900000,India,1400000.0,0,Asia,2
M4Techofficial,,11900000,India,825300.0,38100,Asia,2
CNCOMusic,Music and Dance,11900000,Mexico,8400.0,2100,North America,2
SingleTrackStudioz,Music and Dance,11900000,India,20300.0,351,Asia,2
FrontaLGaming,"Movies, Animation",11900000,Unknown,113100.0,3900,Unknown,4
mmdcrew,"Music and Dance, Movies",11900000,Russia,3100000.0,189900,Europe,2
PlanetEarthINDIA,Daily Vlogs,11900000,India,12200.0,577,Asia,2
TeremokSongs,,11900000,Russia,66100.0,170,Europe,2
user-tt5ge5fj4i,"Music and Dance, Animation",11900000,Unknown,72200.0,385,Unknown,4
UTKARSHCLASSES13,Education,11900000,India,79100.0,6300,Asia,2
itsbrothersvlog,,11900000,Unknown,3100000.0,0,Unknown,4
GoldminesHousefull,,11900000,Unknown,8000.0,0,Unknown,4
oggy,,11900000,Unknown,163700.0,1300,Unknown,4
PeppaPigHindiOfficial,"Movies, Toys",11900000,Unknown,451700.0,2900,Unknown,4
KaKaKidsTV,Animation,11900000,Unknown,19200.0,434,Unknown,1
toysplay,"Animation, Toys",11900000,Unknown,185200.0,506,Unknown,1
NickDiGiovanni,Food and Drink,11900000,United States,4300000.0,339800,North America,5
sagahits,Music and Dance,11900000,India,25800.0,497,Asia,2
HikakinTV,Comedy,11900000,Japan,2100000.0,51000,Asia,2
Jackdohertyy,,11900000,United States,867800.0,37000,North America,4
GarenaFreeFireLATAM,,11900000,Mexico,37900.0,2600,North America,2
Enterr10Rangeela,Music and Dance,11900000,India,20600.0,325,Asia,2
KenhThieuNhiBHMedia,"Music and Dance, Animation",11900000,United States,10200.0,28,North America,4
mussoumano,"Music and Dance, Animation",11900000,Brazil,1600000.0,68700,South America,2
videogyan,"Animation, Toys",11800000,Unknown,955300.0,19800,Unknown,1
lukedavidson81,"Animation, Comedy",11800000,United States,1700000.0,109200,North America,1
cute.shivani.05,,11700000,India,2100000.0,0,Asia,2
NFL,Sports,11700000,United States,21400.0,692,North America,4
MykeTowers,Music and Dance,11700000,Colombia,11000.0,629,South America,2
cut,Comedy,11700000,United States,359000.0,8800,North America,1
JoeHattab,Movies,11700000,Somalia,1900000.0,98500,Africa,2
BeAmazed,Education,11700000,United States,477800.0,9900,North America,1
5MinuteCraftsLIKE,,11700000,India,2700.0,28,Asia,2
RedChilliesEntertainment,,11700000,India,848300.0,66700,Asia,2
VYRLOriginals,,11700000,India,48800.0,949,Asia,2
hamzymukbang,,11700000,United States,397400.0,14000,North America,4
Adaahqueen,,11700000,India,1100000.0,92500,Asia,2
LittleAngelIndonesia,Music and Dance,11700000,Unknown,211400.0,745,Unknown,4
PenMultiplex,,11700000,India,14000.0,81,Asia,2
OneindiaHindi,News and Politics,11700000,India,2200.0,31,Asia,2
